species,eccentricity,aspect_ratio,elongation,solidity,stochastic_convexity,isoperimetric_factor,maximal_indentation_depth,lobedness,average_intensity,average_contrast,smoothness,third_moment,uniformity,entropy
1,0.7269399999999999,1.4742,0.32396,0.98535,1.0,0.8359200000000001,0.0046566,0.0039465,0.04779,0.12795,0.016108,0.0052323,0.00027477,1.1756
1,0.74173,1.5257,0.36116,0.98152,0.99825,0.79867,0.0052423,0.0050016,0.02416,0.090476,0.0081195,0.002708,7.484600000000001e-05,0.6965899999999999
1,0.76722,1.5725,0.38998,0.97755,1.0,0.80812,0.007457300000000002,0.010121,0.011897,0.057445,0.0032891,0.00092068,3.7886e-05,0.44348
1,0.73797,1.4597,0.35376,0.97566,1.0,0.81697,0.0068768,0.0086068,0.01595,0.065491,0.0042707,0.0011544,6.627199999999999e-05,0.58785
1,0.82301,1.7707,0.44462,0.97698,1.0,0.75493,0.007428,0.010042,0.0079379,0.045339,0.0020514,0.00055986,2.3504e-05,0.34214
1,0.72997,1.4892,0.34284000000000003,0.98755,1.0,0.8448200000000001,0.0049451,0.0044506,0.010487,0.058528,0.003413800000000001,0.0011248,2.4798e-05,0.34068000000000004
1,0.82063,1.7529,0.44458,0.97964,0.99649,0.7677,0.0059279,0.006395399999999999,0.018375,0.080587,0.006452299999999999,0.0022713,4.1495e-05,0.53904
1,0.77982,1.6215,0.39222,0.98512,0.99825,0.80816,0.005098699999999999,0.004731399999999999,0.024875,0.089686,0.0079794,0.0024664,0.00014676,0.66975
1,0.83089,1.8199,0.45693,0.9824,1.0,0.7710600000000001,0.0060055,0.006564,0.0072447000000000015,0.040616,0.0016469000000000002,0.00038812,3.2863e-05,0.33696
1,0.90631,2.3906,0.58336,0.97683,0.99825,0.66419,0.008401899999999999,0.012847999999999998,0.0070096,0.042347,0.0017901,0.00045889,2.8251e-05,0.28082
1,0.7459,1.4927,0.34116,0.98296,1.0,0.83088,0.0055665,0.0056395,0.005767899999999999,0.036511,0.0013313,0.00030872,3.1839e-05,0.25026
1,0.79606,1.6934,0.43387,0.98181,1.0,0.76985,0.0077992,0.011071,0.013677000000000002,0.057832000000000015,0.0033334000000000003,0.00081648,0.00013855,0.4975100000000001
2,0.93361,2.7582,0.64257,0.98346,1.0,0.59851,0.0055336000000000005,0.0055731,0.029712,0.089889,0.008015300000000001,0.0020648000000000003,0.00023883,0.91499
2,0.91186,2.4994,0.60323,0.983,1.0,0.6491600000000001,0.0061494,0.006882300000000001,0.018887,0.072486,0.0052267,0.0014887,8.327100000000001e-05,0.67811
2,0.8906299999999999,2.2927,0.56667,0.98732,1.0,0.66427,0.0028365,0.0014643,0.029272000000000006,0.091328,0.008271700000000002,0.0022383000000000004,0.00020166,0.87177
2,0.86755,2.009,0.51464,0.98691,1.0,0.70277,0.005443899999999999,0.0053937,0.030348000000000007,0.092063,0.0084044,0.0022541,0.00019854,0.94545
2,0.91852,2.5247,0.61648,0.9787,1.0,0.63037,0.0050494,0.004640399999999999,0.02309,0.08202899999999999,0.0066839,0.0018929000000000003,0.00012452,0.71713
2,0.88795,2.2038,0.56218,0.97835,0.99825,0.64158,0.0059242,0.0063874,0.032722,0.092969,0.0085691,0.0021199,0.00027729,1.008
2,0.85121,1.9548,0.4892,0.98622,1.0,0.70267,0.003973300000000001,0.0028733,0.020258,0.070841,0.0049933,0.0012274,0.00014929,0.74174
2,0.89084,2.2979,0.57815,0.97389,1.0,0.64598,0.015271000000000003,0.042443,0.028461,0.086477,0.007422800000000002,0.0018832,0.00024345,0.91307
2,0.93062,2.8973,0.65828,0.98182,1.0,0.5795,0.006489399999999999,0.007664499999999999,0.023606,0.072237,0.005191,0.0011217,0.00025558,0.90513
2,0.8411299999999999,1.86,0.46549,0.99039,1.0,0.75976,0.004675899999999999,0.0039793,0.062798,0.13234,0.017213,0.0044528,0.00065523,1.653
3,0.70273,1.2099,0.36317,0.9211,0.98772,0.60555,0.023597,0.10134,0.089301,0.20088,0.038786,0.015895,0.0004049,1.5371
3,0.6630699999999999,1.2065,0.32559,0.94952,0.99649,0.75954,0.013388,0.032621,0.021815,0.097143,0.0093485,0.0040284,3.6303e-05,0.5341
3,0.6128899999999999,1.0991,0.33117,0.92405,0.98421,0.61661,0.025545,0.11877,0.054687,0.1606,0.025145,0.011672,0.00012121,1.1076
3,0.70668,1.251,0.38111,0.94226,0.99825,0.6925,0.019432,0.06872400000000001,0.031587,0.11502,0.013056,0.005311199999999999,8.6352e-05,0.72247
3,0.66889,1.1435,0.3846,0.90355,0.99649,0.6057100000000001,0.028329000000000007,0.14606,0.057506,0.15930999999999998,0.024752,0.010304,0.00018533,1.1365
3,0.50139,1.0066,0.29593,0.91585,0.99825,0.6402899999999999,0.021782,0.08634700000000001,0.054635,0.1598,0.024899,0.011106,0.00016162,1.0511
3,0.6080300000000001,1.0646,0.3446,0.90487,0.99649,0.6751699999999999,0.031915,0.18538,0.06245,0.16410999999999998,0.026225,0.010602,0.00022964,1.2307
3,0.56599,1.0427,0.35318,0.89086,0.99825,0.62068,0.032971,0.19785,0.026348000000000003,0.10589,0.011088,0.0046505,5.2046e-05,0.62671
3,0.68605,1.1632,0.37528,0.91639,0.99825,0.61136,0.030339,0.16752999999999998,0.058401,0.16858,0.027633,0.012886000000000002,0.00015525,1.0815
3,0.5957100000000001,1.084,0.32592,0.92056,0.99825,0.65698,0.024753,0.11150999999999997,0.042051,0.14722000000000002,0.021213,0.010881,6.468e-05,0.83221
4,0.39432,1.1191,0.17272,0.96806,0.99298,0.73417,0.012499,0.028432,0.073063,0.13718,0.01847,0.0040597,0.00090977,1.8893
4,0.62011,1.3298,0.2836,0.96952,0.99825,0.77871,0.008656200000000001,0.013637,0.04722,0.1186,0.013872,0.0037549,0.00044188,1.2024
4,0.73429,1.5069,0.40827,0.94518,1.0,0.62558,0.014987,0.040879,0.038113,0.092188,0.0084269,0.0017773,0.00047378,1.335
4,0.64161,1.3004,0.31556,0.93324,0.97895,0.65487,0.017963,0.058729,0.030897000000000008,0.08221,0.006713200000000001,0.0014678,0.00029878,1.2359
4,0.64056,1.3166,0.28616,0.97053,0.99649,0.77183,0.0091632,0.015281,0.020413,0.065575,0.0042817,0.00089749,0.00020433,0.86218
4,0.74242,1.5529,0.38804,0.95593,0.99474,0.68188,0.012904,0.030306,0.020679,0.064242,0.0041101,0.00079505,0.00026812,0.87687
4,0.39289,1.1286,0.17039,0.96405,1.0,0.7940699999999999,0.011761,0.025176,0.025409,0.078211,0.0060798,0.0015299,0.00015762,1.0326
4,0.53017,1.2503,0.23254,0.97337,1.0,0.8270299999999999,0.006626300000000001,0.0079913,0.048541,0.10941,0.011828,0.0027809,0.00048839,1.5452
5,0.87844,1.8096,0.63151,0.8392299999999999,0.8368399999999999,0.37688,0.043563,0.34539000000000003,0.045468,0.12554,0.015515,0.0051589,0.00022842,1.1374
5,0.88075,1.736,0.58345,0.83383,0.91754,0.4155100000000001,0.040582,0.29973,0.035786,0.10047,0.0099932,0.002759,0.00025802,1.0952
5,0.86545,1.8803,0.62039,0.8244299999999999,0.85439,0.33077,0.047,0.40204,0.039518,0.1157,0.01321,0.004240600000000001,0.00020084,1.0136
5,0.93671,2.4151,0.7298,0.81793,0.8649100000000001,0.33439,0.080539,1.1805,0.048722,0.12051,0.014314,0.003998300000000001,0.00037216,1.3083
5,0.92676,2.222,0.6558,0.82432,0.89474,0.35618,0.038012,0.26298,0.059980999999999986,0.14901,0.021723,0.007525100000000002,0.00028398,1.3530000000000002
5,0.90944,2.1139,0.69555,0.8087300000000001,0.8526299999999999,0.31039,0.047267,0.40663,0.039446,0.10517,0.010939,0.0028913,0.00029366,1.1602
5,0.8949299999999999,2.0494,0.64925,0.81682,0.83509,0.35318,0.049955,0.45418,0.041808,0.12036,0.01428,0.0048007,0.00017096,1.0962
5,0.93613,2.3898,0.67175,0.84434,0.90526,0.37007,0.039277,0.28077,0.048447,0.11955,0.014091,0.0037887,0.00042459,1.2593
5,0.8817200000000001,1.774,0.63974,0.8499,0.8736799999999999,0.34354,0.051776,0.4879,0.06103,0.1519,0.022554,0.0080813,0.00025039,1.3805
5,0.86224,1.7434,0.62464,0.85754,0.8929799999999999,0.32238,0.050792,0.46952,0.064428,0.16335,0.025989,0.010189,0.00023873,1.3343
5,0.82268,1.6657,0.59909,0.84493,0.85614,0.32056,0.048803,0.43348,0.079282,0.18571,0.033338,0.013523,0.00027502,1.5377
5,0.82135,1.6035,0.6025,0.8498100000000001,0.87544,0.31304,0.056079,0.5723600000000001,0.069239,0.16319,0.02594,0.0092918,0.00032134,1.4686
6,0.46348,1.0544,0.72231,0.63754,0.47544,0.20039,0.14864000000000002,4.0212,0.010917,0.053494000000000014,0.0028534000000000003,0.00087543,2.9594e-05,0.53199
6,0.50784,1.0544,0.623,0.73625,0.59649,0.27687,0.13296,3.2176,0.014816,0.067044,0.0044748,0.0013737,3.792e-05,0.5211399999999999
6,0.47728,1.2115,0.68343,0.76364,0.56667,0.23896,0.10747,2.1022,0.024036,0.080623,0.0064581000000000005,0.0018312,0.00010648,0.90702
6,0.5274399999999999,1.0419,0.51662,0.7720100000000001,0.84211,0.33784000000000003,0.11438,2.3811,0.0254,0.08204700000000001,0.0066868,0.0017982,0.00012196,0.944
6,0.50964,1.2067,0.70618,0.72175,0.56491,0.21009,0.11264,2.3093,0.021181,0.08030599999999999,0.0064077,0.0020323,6.582800000000001e-05,0.73274
6,0.63965,1.2323,0.60663,0.77037,0.62105,0.24135,0.12438,2.8155,0.025438,0.096215,0.0091723,0.0034208,5.1566e-05,0.7519399999999999
6,0.7184699999999999,1.2291,0.693,0.75574,0.66667,0.26004,0.098823,1.7774,0.021217,0.073201,0.0053299,0.0013612,0.00012452,0.79862
6,0.47815,1.1032,0.52998,0.8165399999999999,0.8193,0.33753,0.11547,2.4268,0.0068590000000000005,0.042071,0.0017668,0.00047564,1.4404e-05,0.30832
7,0.8488600000000001,1.7011,0.5348,0.81465,0.97018,0.37276,0.035424000000000004,0.22838000000000006,0.038846,0.1192,0.014009,0.0057424,0.00010856,1.2269
7,0.83755,1.5634,0.5332899999999999,0.7669699999999999,0.95088,0.27825,0.039592,0.28528000000000003,0.023152,0.087838,0.007656399999999998,0.0028187,5.6309e-05,0.8079
7,0.84315,1.8134,0.54611,0.84406,0.96667,0.49437,0.038509,0.2699,0.054653,0.14411,0.020345,0.0082654,0.00016275,1.495
7,0.8260200000000001,1.6637,0.49244,0.8862,0.99298,0.5713600000000001,0.022152,0.089306,0.034444,0.1012,0.010138,0.0030708000000000003,0.00016513,1.1047
7,0.8648600000000001,1.7986,0.55606,0.87745,0.97018,0.52669,0.029555,0.15897999999999998,0.027883,0.092866,0.0085504,0.0031577,0.00012091,0.9961
7,0.8456299999999999,1.7418,0.49818,0.92748,1.0,0.6230100000000001,0.014708,0.039374,0.025028,0.077667,0.005995899999999999,0.002105,0.00029619,1.1899
7,0.8716299999999999,2.0659,0.5533899999999999,0.94868,1.0,0.60231,0.031671,0.18255,0.049706,0.1344,0.017741999999999997,0.0066921,0.00016133,1.4016
7,0.86587,1.9999,0.52725,0.97215,0.99474,0.67283,0.0092956,0.015726,0.021192,0.073946,0.0054383,0.0014673,0.00015488,0.78201
7,0.82373,1.6421,0.47458,0.85777,0.98421,0.50374,0.020049,0.073157,0.018698,0.075567,0.005678,0.0023517,8.791e-05,0.7658
7,0.84285,1.8572,0.51931,0.91339,0.97544,0.60526,0.028734,0.15027,0.038283,0.1156,0.013186000000000002,0.0048867,0.00012558,1.1185
8,0.98502,6.0596,0.8361200000000001,0.97628,0.98772,0.31546,0.02322,0.098133,0.03683,0.10661,0.011238,0.0032908,0.00022206,1.0185
8,0.98487,6.0229,0.8362799999999999,0.96522,1.0,0.29509,0.024667,0.11074,0.0303,0.097095,0.0093394,0.0027833000000000003,0.00018341,0.85025
8,0.98853,6.627999999999999,0.8492799999999999,0.96861,0.97719,0.27717,0.029032,0.1534,0.032722,0.10283,0.010462,0.0033387,0.00013116,0.94985
8,0.98326,5.8308,0.82878,0.96489,1.0,0.30777,0.014672,0.039178,0.019278,0.07311799999999999,0.0053178,0.0014657,9.7882e-05,0.66403
8,0.98592,6.0269,0.8388399999999999,0.96027,0.96842,0.28345,0.025004,0.11379,0.021226,0.08086900000000001,0.0064972,0.001957,9.1646e-05,0.6483899999999999
8,0.98695,6.2904,0.84124,0.97085,1.0,0.29288000000000003,0.023221,0.09814,0.025859,0.089821,0.0080032,0.0024919,9.7883e-05,0.8112
8,0.98717,6.5173,0.84726,0.96846,1.0,0.28899,0.022056,0.08854,0.042124,0.11842,0.013829,0.004381800000000001,0.00020215,1.098
8,0.98361,5.8719,0.82847,0.95488,0.98421,0.32134,0.040164,0.29359,0.039243,0.11622,0.013327,0.0043872,0.00019465,1.0006
8,0.98643,6.1273,0.8473700000000001,0.95274,0.89649,0.29982,0.019421,0.068643,0.028986,0.095642,0.0090645,0.0027526,0.00014425,0.82529
8,0.986,6.1763,0.83942,0.97837,0.99298,0.31607,0.011769,0.025208,0.051048,0.13524,0.017961,0.0060176000000000006,0.0003128,1.166
8,0.98824,7.142,0.86069,0.96683,0.99474,0.26951,0.021697,0.08567999999999999,0.024361,0.087108,0.0075307,0.0023055,9.7934e-05,0.7396
9,0.47821,1.2059,0.34976,0.90378,0.99649,0.51298,0.030166,0.16560999999999998,0.082509,0.17347,0.029213,0.0093049,0.00067871,1.5956
9,0.5394100000000001,1.278,0.32286,0.91793,0.97368,0.63545,0.034884,0.22147,0.060966999999999986,0.15124,0.022362,0.0076389,0.00043953,1.2541
9,0.54833,1.2733,0.31093000000000004,0.93409,0.99825,0.59707,0.017966,0.05874400000000001,0.043685,0.12505,0.015397,0.0051037,0.00042441,0.94617
9,0.58938,1.3232,0.40145,0.8900899999999999,0.98421,0.43977,0.047907,0.4177,0.11488,0.19211,0.035592,0.0091838,0.0015424000000000002,2.1004
9,0.64803,1.392,0.41362,0.8975200000000001,0.96316,0.5089199999999999,0.026737,0.1301,0.058284,0.15033,0.022099,0.0078269,0.00036426,1.1840000000000002
9,0.5402899999999999,1.2759,0.36992,0.88831,0.97719,0.54283,0.028138,0.1441,0.051554,0.14256,0.019917,0.0074501,0.00020354,1.1427
9,0.4309,1.2825,0.38769,0.85341,0.96667,0.46204,0.052403,0.49979,0.067688,0.16198,0.025566,0.0091042,0.00043085,1.3596
9,0.4659,1.2195,0.27095,0.94433,1.0,0.66599,0.013322,0.032299,0.024332,0.10405,0.01071,0.0047135,4.6307e-05,0.56447
9,0.4867,1.2165,0.37691,0.90161,0.99474,0.54006,0.032181,0.18848,0.098716,0.18377,0.03267,0.009529,0.00095661,1.9018
9,0.46098,1.2199,0.32967,0.90459,1.0,0.56329,0.027061,0.13327999999999998,0.092156,0.18249,0.03223,0.010076,0.00090962,1.7156
9,0.7308600000000001,1.5285,0.46455,0.8729100000000001,0.97193,0.4865,0.034289,0.21399,0.02898,0.10191,0.01028,0.003585900000000001,0.00010051,0.76676
9,0.51577,1.2902,0.32454,0.9208,0.99474,0.62017,0.023879,0.10378,0.047501,0.12228,0.014732,0.0042129,0.00056945,1.1232
9,0.59837,1.3539,0.35704,0.93647,0.99825,0.64448,0.019818,0.071484,0.045326,0.13137,0.016966,0.0059817,0.0003532,0.93682
9,0.5511199999999999,1.2821,0.39683,0.88375,0.99649,0.49492,0.030576,0.17015,0.062015,0.14620999999999998,0.02093,0.0063685,0.00067747,1.2659
10,0.44941,1.1374,0.38458,0.90736,0.97368,0.54595,0.047809,0.4160100000000001,0.11385,0.18608,0.033467000000000004,0.0082395,0.0012682,2.2422
10,0.46727,1.1876,0.36748,0.91542,0.97719,0.57995,0.051335000000000006,0.47962,0.13764,0.18732,0.033899,0.0061636,0.0029358,2.5551
10,0.55362,1.2438,0.39517,0.91092,0.97193,0.51113,0.046323,0.39055,0.08315399999999999,0.17465,0.0296,0.0094574,0.00074607,1.5807
10,0.32175,1.1782,0.32151,0.91803,0.97544,0.58719,0.045933,0.384,0.076818,0.14622000000000002,0.020931,0.0048174,0.0014091,1.6749
10,0.6441399999999999,1.37,0.42697,0.91457,0.96491,0.44764,0.055411,0.55882,0.1203,0.19149,0.035373,0.0084315,0.0018137,2.2137
10,0.55977,1.3442,0.34301,0.9298,0.97544,0.5787899999999999,0.053564,0.52218,0.14905,0.25543000000000005,0.061249,0.02381,0.00059701,2.4130000000000003
10,0.5011399999999999,1.2499,0.30101,0.94477,0.9807,0.6743,0.0494,0.44415,0.096252,0.23034,0.050382,0.025877,0.00026934,1.4463
10,0.23041,1.1294,0.25496,0.94201,0.97368,0.6084,0.040722,0.3018,0.10957,0.23571,0.052636,0.02418,0.00042353,1.6648
10,0.46094,1.1366,0.22905,0.95565,0.97544,0.71234,0.038286,0.26678,0.11753,0.22041,0.046329,0.016554,0.00064766,1.9866
10,0.54913,1.2769,0.31283,0.93889,0.99123,0.5933,0.041539,0.31404,0.15188,0.2605,0.06355,0.02379,0.000843,2.2030000000000003
10,0.32168,1.1127,0.27055,0.95426,0.99298,0.70006,0.05426,0.53584,0.10967,0.21507,0.044212,0.016252000000000003,0.00061195,1.8452
10,0.38564,1.0471,0.23328,0.95176,0.97368,0.6710699999999999,0.050832,0.47028,0.13563,0.24744,0.057693,0.022,0.00086835,1.9757
10,0.36127,1.0573,0.26213000000000003,0.93923,0.96667,0.59302,0.04962,0.4481100000000001,0.19067,0.28081,0.073089,0.023825,0.0012501,2.6604
11,0.51247,1.1116,0.6562600000000001,0.57724,0.5929800000000001,0.16867,0.11187,2.2776,0.016000999999999998,0.061238,0.0037361,0.00087861,0.00010284,0.6508
11,0.54893,1.1111,0.63983,0.56623,0.6,0.15743,0.13080999999999998,3.1143,0.021231,0.079722,0.0063155,0.0019123,7.3919e-05,0.71949
11,0.43425,1.095,0.68828,0.52398,0.5421100000000001,0.15396,0.13760999999999998,3.4462,0.021147,0.073202,0.0053299,0.00134,0.00016376,0.7549600000000001
11,0.38501,1.0656,0.63042,0.51223,0.59123,0.13705,0.12292,2.7498,0.033373,0.098907,0.0096879,0.0027872,0.00021426,1.0015
11,0.26758000000000004,1.1316,0.60128,0.54301,0.77368,0.20311,0.15354,4.2904,0.017945,0.07145,0.0050792,0.0014652,7.2478e-05,0.63273
11,0.24465,1.047,0.60511,0.56524,0.79474,0.21788,0.12522,2.854,0.037595,0.127,0.015874,0.006587000000000001,0.00010798,0.8331
11,0.39092,1.087,0.68174,0.50961,0.6614,0.15361,0.14082,3.6093,0.028638,0.089135,0.0078824,0.0021177,0.00021044,0.90082
11,0.4042,1.0965,0.65899,0.52833,0.68421,0.1771,0.13017,3.0837,0.029057,0.096836,0.0092902,0.0028927,0.00012649999999999998,0.82383
11,0.50692,1.127,0.67203,0.5302399999999999,0.75263,0.16792,0.13005999999999998,3.0788,0.015279,0.057592,0.0033059,0.00072847,0.00010983,0.67289
11,0.47565,1.0656,0.69172,0.5233,0.49649,0.14132999999999998,0.12987,3.0697,0.023977,0.0842,0.0070396999999999986,0.0020845,0.00011284,0.77399
11,0.52382,1.1117,0.67175,0.54701,0.6298199999999999,0.15157,0.13674,3.4028,0.026434,0.085792,0.0073063999999999985,0.0021373,0.00016583,0.90513
11,0.36462,1.0811,0.67755,0.49042,0.68772,0.14118,0.1243,2.8118,0.037866,0.11692,0.013485,0.0046475,0.00017690000000000002,0.9229
11,0.52212,1.1191,0.7098800000000001,0.50678,0.64912,0.1412,0.13192,3.1674,0.025478,0.085964,0.007335600000000001,0.0021793000000000003,0.0001485,0.82809
11,0.38203,1.0405,0.6901,0.48549,0.63684,0.13165,0.11852,2.5565,0.027997,0.093312,0.008631999999999999,0.0026591,0.00012469,0.8499399999999999
11,0.27123,1.096,0.68075,0.49446,0.53684,0.13088,0.12815,2.9887,0.021943,0.072882,0.0052838,0.0013390999999999998,0.00022058,0.80402
11,0.44882,1.0118,0.6301,0.57134,0.81053,0.16187,0.11115,2.2486,0.027309,0.088889,0.0078393,0.0022734,0.00017545,0.86
12,0.88374,2.4765,0.6138899999999999,0.8581,0.98246,0.40448,0.054511,0.54081,0.06489,0.14657,0.021032,0.0067378,0.00037204,1.6461
12,0.91579,2.5959,0.6302300000000001,0.94977,1.0,0.4976,0.024404,0.10839,0.067044,0.1528,0.022814,0.0075708,0.00031405,1.6221
12,0.8286600000000001,1.9848,0.50917,0.9418,0.99825,0.55942,0.025524,0.11857,0.080103,0.16692,0.027107,0.008654799999999999,0.0004265,1.8038
12,0.8786299999999999,2.4734,0.60898,0.87869,0.99123,0.45758,0.056994,0.59119,0.076471,0.16369,0.026095,0.008748200000000001,0.00034348,1.8363
12,0.92876,2.8218,0.66081,0.93335,0.97544,0.43699,0.046152,0.38767,0.050806,0.13408,0.017661000000000003,0.006442100000000001,0.00017937,1.4027
12,0.91093,2.6184,0.63236,0.92868,0.99123,0.51584,0.021091,0.080956,0.05094,0.12675999999999998,0.015815,0.004713800000000001,0.00031804,1.3323
12,0.92479,2.5638,0.62255,0.96226,0.97895,0.57504,0.0097927,0.017453,0.026156,0.10029,0.009958,0.0040505,4.466100000000001e-05,0.77718
12,0.9003700000000001,2.3499,0.60125,0.93713,0.98421,0.46172,0.03166,0.18242,0.096235,0.18081,0.031658,0.0105,0.00050824,2.3052
12,0.8728,2.3151,0.5875100000000001,0.90716,0.98772,0.45257,0.058029,0.61287,0.07597000000000001,0.17378,0.029313,0.011448,0.00025642,1.6895
12,0.93377,2.8883,0.66665,0.93026,0.96316,0.43032,0.035710000000000006,0.23209,0.047675,0.12917,0.016412,0.0057866,0.00016113,1.321
12,0.88185,2.1732,0.57028,0.93013,0.99825,0.45014,0.049062,0.43809,0.072246,0.16601,0.02682,0.010288,0.0002503,1.7405
12,0.87259,2.1845,0.56922,0.93969,0.99474,0.5261100000000001,0.044598,0.36199,0.060388,0.14227,0.019839,0.0062705,0.00031494,1.4969
13,0.71763,1.5041,0.33723000000000003,0.98803,1.0,0.82342,0.0040421,0.0029736,0.050064,0.12542,0.015486000000000003,0.0046629,0.00027091,1.3598
13,0.7328100000000001,1.5437,0.36231,0.98616,1.0,0.79359,0.005259300000000001,0.0050342,0.046731,0.1203,0.014265,0.0041563,0.00026442,1.2681
13,0.75285,1.5603,0.38474,0.98701,0.99649,0.78037,0.004611,0.0038695,0.046705,0.11723,0.013556,0.0038164,0.00028371,1.3539
13,0.73935,1.5319,0.34987,0.98479,1.0,0.81067,0.007807899999999999,0.011095,0.027888,0.11472,0.01299,0.0060166,5.0098e-05,0.59895
13,0.63969,1.3612,0.28845,0.98738,1.0,0.82125,0.004231800000000001,0.003259300000000001,0.080446,0.15813,0.024394,0.0066506,0.00067629,1.8274
13,0.62033,1.3105,0.26312,0.98535,1.0,0.82478,0.0049896,0.004531100000000001,0.070042,0.14655,0.021025,0.0058018,0.00053019,1.705
13,0.64536,1.3743,0.28162,0.98646,1.0,0.8449399999999999,0.005427,0.0053602,0.026853,0.085949,0.007333,0.0020334,0.00012813,0.94296
13,0.70115,1.4925,0.34048,0.98262,1.0,0.78473,0.0061511000000000005,0.0068862,0.08405,0.17102,0.028418,0.008772499999999999,0.00052855,1.7782
13,0.70275,1.5016,0.34772,0.98776,0.99825,0.80848,0.0037534,0.002564,0.055512,0.12613,0.015659,0.004022,0.00050106,1.4395
13,0.69686,1.4507,0.33575,0.9851,1.0,0.80461,0.0036582,0.0024356,0.038211,0.10889,0.011717,0.003581000000000001,0.00016657,1.1363
13,0.66351,1.4024,0.31179,0.98529,1.0,0.81091,0.0068704,0.008590700000000001,0.06820599999999999,0.13895,0.01894,0.0049098,0.00062422,1.7727
13,0.67362,1.3988,0.30608,0.98301,1.0,0.79998,0.0087621,0.013973,0.1196,0.17804,0.030726,0.006319699999999999,0.0016787,2.5094
13,0.6431399999999999,1.3574,0.28063,0.98631,0.99825,0.81381,0.0052732,0.005060800000000001,0.058530999999999986,0.13108,0.016891999999999997,0.0044631,0.00048306,1.5136
14,0.91298,2.455,0.61097,0.96979,0.99825,0.5621,0.0095958,0.016758000000000002,0.090447,0.1871,0.033823,0.0115,0.0005639999999999999,1.6879
14,0.9136,2.5213,0.61341,0.97227,1.0,0.56248,0.0078474,0.011208,0.068427,0.14325,0.020108,0.0055763,0.00057194,1.7187
14,0.91355,2.457,0.6110800000000001,0.97034,0.97544,0.5645,0.007702899999999999,0.010799,0.092547,0.18786,0.034088,0.011708,0.00046097,1.8501
14,0.91378,2.4132,0.6036199999999999,0.96618,0.99649,0.56153,0.0091377,0.015197,0.10604,0.20316,0.039637,0.013227,0.00072984,1.8526
14,0.8589700000000001,1.9723,0.5143399999999999,0.97407,0.99825,0.6792,0.006839199999999999,0.008512899999999999,0.046518,0.13848,0.018816,0.0073897999999999985,0.00015454,1.014
14,0.91296,2.4862,0.62315,0.96188,1.0,0.51041,0.010684,0.020775,0.064539,0.13677999999999998,0.018365,0.0048636,0.00052757,1.6875
14,0.93802,2.8087,0.65774,0.97091,1.0,0.58194,0.0067321,0.0082485,0.052218,0.13491,0.017874,0.005737399999999999,0.00030246,1.2161
14,0.94058,3.0366,0.69248,0.93952,0.99474,0.42979,0.031219,0.17737999999999998,0.038691,0.1076,0.011445,0.0032156,0.00024816,1.0843
14,0.8967200000000001,2.2534,0.57689,0.96488,1.0,0.57906,0.0081422,0.012066,0.062778,0.1512,0.022351,0.007855299999999999,0.00031192,1.4575
14,0.89507,2.2045,0.55605,0.97701,0.99649,0.6421399999999999,0.0053433,0.0051962,0.102,0.19598,0.036988,0.012562,0.00048437,2.0484
14,0.88246,2.1,0.5486,0.96929,0.99825,0.61897,0.0073021,0.0097043,0.10152,0.19717,0.03742,0.012995,0.00049125,2.0094
14,0.90831,2.4038,0.59263,0.97688,0.99825,0.59259,0.0064679,0.0076137,0.063688,0.1472,0.021208,0.0067017,0.00032702,1.5332
15,0.4132,1.0384,0.48465,0.78118,0.87018,0.30478,0.080722,1.1859,0.047303,0.12619,0.015674,0.005899199999999999,0.00019037,1.489
15,0.56324,1.1928,0.474,0.77564,0.93333,0.34791,0.069404,0.8766799999999999,0.10401,0.17923,0.031125,0.0094494,0.00074739,2.4883
15,0.48967,1.1232,0.46175,0.80214,0.9,0.31034,0.073462,0.9822,0.10125,0.17926,0.031133,0.010102,0.00068131,2.4808
15,0.60319,1.088,0.51739,0.7638,0.90175,0.23802,0.07702200000000001,1.0797,0.10994,0.17976,0.031303,0.008884600000000001,0.00087888,2.6613
15,0.53622,1.2341,0.44979,0.7882,0.94386,0.38426,0.072253,0.95013,0.042992,0.12337,0.014993,0.005650100000000001,0.00013103,1.2646
15,0.37902,1.0738,0.5242,0.71586,0.85439,0.26309,0.065312,0.77635,0.067161,0.14275,0.019969,0.0059582,0.00040634,1.8527
15,0.53693,1.0751,0.55667,0.74395,0.77544,0.27241,0.080278,1.1729,0.091322,0.16265,0.025773,0.007318000000000002,0.00080697,2.2704
15,0.51153,1.0767,0.47053,0.77952,0.90702,0.28838,0.07699199999999999,1.0789,0.084711,0.17213,0.028776,0.0099656,0.00039644,2.0412
15,0.4427100000000001,1.0836,0.49548,0.74434,0.87018,0.26478,0.079481,1.1497,0.10151,0.1726,0.028929000000000007,0.007640600000000002,0.00084487,2.389
15,0.30574,1.1176,0.5884699999999999,0.66502,0.8473700000000001,0.24074,0.10064,1.8435,0.074621,0.14273,0.019966,0.0054026000000000005,0.00062391,2.1403
22,0.92522,2.695,0.63571,0.92994,0.99298,0.505,0.040707,0.30158,0.055741999999999986,0.15592,0.023734,0.0096617,0.00030237,1.0351
22,0.90557,2.3423,0.58487,0.95943,0.97368,0.55537,0.023542,0.10087,0.045897,0.13433,0.017724,0.0066757000000000006,0.00024528,0.9943
22,0.91885,2.638,0.62859,0.96692,0.99123,0.52269,0.020081,0.07339,0.054145000000000006,0.1674,0.027257,0.013322,0.00016644,0.8989
22,0.88965,2.3863,0.5905100000000001,0.90564,0.98421,0.5136,0.048934,0.43581,0.062886,0.17454,0.029562,0.013364,0.00026357,1.0734
22,0.9456,3.1174,0.70912,0.79489,0.8929799999999999,0.33915,0.13457,3.2956,0.052685,0.14875,0.021648,0.008569,0.00025614,1.0503
22,0.91747,2.7054,0.6409100000000001,0.87687,0.98947,0.42531,0.089364,1.4534,0.042216,0.12098,0.014424,0.0047692,0.0003061,1.0097
22,0.86049,2.0997,0.532,0.9358,0.98772,0.5343,0.033994,0.21032,0.040254000000000005,0.13592,0.01814,0.0080226,0.00010143,0.8205899999999999
22,0.8980799999999999,2.4056,0.59137,0.93186,0.98596,0.5122899999999999,0.029398,0.15729,0.044185,0.15479,0.0234,0.012336,7.6339e-05,0.78887
22,0.8698799999999999,2.1277,0.5392600000000001,0.96257,1.0,0.64927,0.027899,0.14165999999999998,0.026849,0.096968,0.0093152,0.0032376,0.00010402,0.7271
22,0.86675,2.0417,0.52999,0.94477,0.98947,0.5514100000000001,0.028749,0.15043,0.031023,0.12007,0.014211,0.0064538,6.947e-05,0.64966
22,0.96652,3.8162,0.74273,0.8256600000000001,0.94737,0.32925,0.1446,3.8052,0.022715,0.10148,0.010193,0.0046292,4.4517e-05,0.52175
22,0.93396,2.9367,0.66689,0.92543,0.99474,0.4567600000000001,0.030052,0.16437000000000002,0.015159,0.071198,0.0050436000000000005,0.0017096,4.8527e-05,0.46762
23,0.6182300000000001,1.2435,0.33084,0.94147,0.9614,0.64089,0.024255,0.10708,0.017543,0.09745,0.0094072,0.0051286000000000005,1.2841e-05,0.37324
23,0.61717,1.2296,0.34897,0.93189,0.97368,0.6017600000000001,0.025375,0.11719,0.012906,0.07019700000000001,0.0049035,0.0019323,2.4448e-05,0.37728
23,0.6240399999999999,1.1599,0.47899,0.91562,0.85088,0.45154,0.097205,1.7197,0.013983,0.076408,0.0058043,0.0024109,2.5646e-05,0.36029
23,0.48229,1.1574,0.42617,0.91741,0.92456,0.46699,0.06339600000000001,0.73147,0.026522000000000004,0.105,0.010904,0.0044681,6.7833e-05,0.63468
23,0.5684,1.1876,0.4800100000000001,0.91247,0.79474,0.3885,0.089162,1.4469,0.027113,0.10182,0.010261,0.0037888000000000006,0.00010673,0.65567
23,0.62733,1.2441,0.5021399999999999,0.90049,0.86667,0.47758,0.092591,1.5603,0.02034,0.091645,0.0083289,0.0033696,4.907100000000001e-05,0.49195
23,0.58637,1.1419,0.30339,0.93305,0.92105,0.57323,0.041282,0.31016,0.022886,0.093704,0.0087041,0.0032290999999999995,0.00010441,0.54481
23,0.50771,1.1084,0.25071,0.93529,0.98596,0.64927,0.02595,0.12256,0.013493000000000002,0.073509,0.0053745,0.0021246,3.1877e-05,0.3475
23,0.6018,1.2254,0.41835,0.94269,0.95263,0.54871,0.05883500000000001,0.6299899999999999,0.016202,0.074883,0.0055761000000000005,0.0018797,7.1264e-05,0.43769
23,0.63548,1.202,0.47365,0.8937299999999999,0.8684200000000001,0.44347,0.07761599999999999,1.0964,0.022403,0.10386,0.010672,0.005084,3.1292e-05,0.48911
23,0.6504800000000001,1.2354,0.44987,0.90929,0.89123,0.57594,0.070699,0.9097,0.009334899999999998,0.0592,0.0034924,0.0013047,2.2232e-05,0.26169000000000003
24,0.64604,1.4683,0.35457,0.9588,0.99123,0.70641,0.02021,0.074334,0.059026,0.12721,0.015925,0.0037362,0.0012495999999999998,1.3596
24,0.55457,1.2955,0.25519000000000003,0.97441,0.99825,0.7824,0.012063,0.026483,0.020129,0.076722,0.0058518,0.0016389,0.00012751,0.60629
24,0.4443,1.2035,0.19432,0.98319,1.0,0.833,0.010317,0.019373,0.029059,0.10265,0.010427,0.003627,0.00011748,0.73255
24,0.6368,1.4266,0.29976,0.9747,0.99825,0.78457,0.013385,0.032608,0.028272,0.084495,0.0070888,0.0017155,0.00031351,0.913
24,0.64168,1.4853,0.3362,0.95562,0.99825,0.72952,0.017439,0.05535,0.02413,0.074641,0.0055403,0.001194,0.00031921,0.8227899999999999
24,0.58232,1.3430000000000002,0.29271,0.95055,0.99825,0.71499,0.026876,0.13146,0.068134,0.13204000000000002,0.017136000000000002,0.0036798,0.0014697,1.6315
24,0.44567,1.2107,0.20257,0.97104,0.99123,0.80094,0.016177,0.047628,0.020632,0.074115,0.0054631,0.0013865,0.00016174,0.66423
24,0.67925,1.487,0.33465,0.97307,0.98246,0.7713,0.012399,0.02798,0.0075996000000000015,0.044132,0.0019439,0.00049059,3.6857e-05,0.28857
24,0.11708,1.0944,0.1745,0.97545,1.0,0.81957,0.016114,0.047259,0.033007,0.087092,0.0075278,0.001568,0.0006066,1.0292
24,0.53283,1.3078,0.25925,0.96727,1.0,0.77065,0.017745,0.057312,0.05341,0.12259,0.014806,0.0035923,0.0012357999999999998,1.1886
